shortname,combo_scorePOC,inequity_cancerPOC,score_cancerPOC,white_cancer_pct,black_cancer_pct,latino_cancer_pct,nonwhite_cancer_pct,inequity_respPOC,score_respPOC,white_resp_pct,black_resp_pct,latino_resp_pct,nonwhite_resp_pct,inequity_pwdisPOC,score_pwdisPOC,white_pwdis_pct,black_pwdis_pct,latino_pwdis_pct,nonwhite_pwdis_pct,inequity_leadPOC,score_leadPOC,white_lead_pct,black_lead_pct,latino_lead_pct,nonwhite_lead_pct,inequity_prmpPOC,score_prmpPOC,white_prmp_pct,black_prmp_pct,latino_prmp_pct,nonwhite_prmp_pct,cbsa_code,cbsa_title
Akron,1,Inequity,0,0.008759121491238211,0.0588437633439294,0.006576693841200246,0.03961885656970913,None,0,0.0017713878183295954,0.015312900317882051,2.055216825375077e-4,0.011124924067978584,None,0,0.24576583177862632,0.16279593870095366,0.24717407686510928,0.1952265246443556,Severe Inequity,1,0.16604270894284073,0.3751838496939792,0.30013016373227375,0.34383431986099144,Inequity,0,0.3044901835591734,0.4457346870996821,0.3765157224087141,0.41960388206874144,10420,"Akron, OH"
Albany,2,None,0,0,0,0,0,None,0,0,0,0,0,Inequity,0,0.2125002314910445,0.27722022344252983,0.2709644759431263,0.2577573909881688,Severe Inequity,1,0.09585153802649966,0.27504260556712745,0.21114143592903992,0.22866332895141667,Extreme Inequity,1,0.21958172061238998,0.5096730417218961,0.3428709776819122,0.3866137107375605,10580,"Albany-Schenectady-Troy, NY"
Albuquerque,0,Inequity,0,0.25671026427084964,0.33911778962675715,0.3893125844284807,0.36806071446602573,Inequity,0,0.2306579918995726,0.32583616093068346,0.34940195560962956,0.3334950125857381,Inequity,0,0.32151368345677905,0.32506059137178867,0.37625804027518095,0.35570397190026615,None,0,0.175286423952203,0.17474551623848764,0.20132893783380001,0.19173596636109888,None,0,0.255378840430531,0.2539990305380514,0.30128554942253155,0.28463962956819017,10740,"Albuquerque, NM"
Allentown,4,Extreme Inequity,1,0.4926936731847681,0.7885598533809203,0.8397408419824746,0.7988093969742169,Extreme Inequity,1,0.11398457734679414,0.34720748528986206,0.3996430252903933,0.3527949428226437,None,0,0.04737191065182103,0.05804475740329893,0.022655245349842243,0.03212230982314085,Severe Inequity,1,0.11959251795553494,0.24168033182212792,0.27549593484508844,0.24534324170750763,Extreme Inequity,1,0.23473983662831144,0.5346773415645799,0.587349884404843,0.5377823353931387,10900,"Allentown-Bethlehem-Easton, PA-NJ"
Atlanta,2,Severe Inequity,1,0.21486421397845995,0.46249220172551087,0.24244663330184102,0.38866000277778406,Severe Inequity,1,0.17164601296520662,0.3665204226030767,0.2906697648290478,0.3358872619266671,Inequity,0,0.17047394727009083,0.24496624551757717,0.20497982789878202,0.23015552045908844,None,0,0.12617211099759318,0.1560998990662359,0.1144575236830682,0.13591871340261466,Inequity,0,0.15481849834247297,0.2979640797528898,0.29794704185072646,0.2869911732850648,12060,"Atlanta-Sandy Springs-Alpharetta, GA"
Augusta,0,None,0,0.1332063973300652,0.12280158238406177,0.1477154883181846,0.12177287026874241,None,0,0.13248206748798133,0.06659835088889948,0.12898798267553224,0.07534037890440023,None,0,0.15606099040644988,0.20101520423240074,0.09915817727078631,0.1829805041535587,Inequity,0,0.21127203933997354,0.2953100424193318,0.1844079790154334,0.2660039571686055,Inequity,0,0.1471826014138185,0.27031600019064866,0.1497895443176966,0.2416846232063344,12260,"Augusta-Richmond County, GA-SC"
Austin,0,None,0,0,0,0,0,None,0,0,0,0,0,Inequity,0,0.15397534513452688,0.2612786061499809,0.28787173738313804,0.2641685276341328,None,0,0.09228825076462038,0.08289638975367306,0.0767332184831904,0.0724632101047078,None,0,0.05392695775954652,0.09014692227866077,0.0736961567018851,0.07100207914985872,12420,"Austin-Round Rock-Georgetown, TX"
Bakersfield,1,None,0,0.3414527166295655,0.3542973274185442,0.19073924634644066,0.2090308958002519,Severe Inequity,1,0.6359765850441091,0.7201110115600621,0.8164263352021869,0.8054690494442315,None,0,0.011928435979882926,5.681694018924412e-4,0.0015062086215127995,0.0014475989705962876,None,0,0.09107758265314535,0.08489762024431284,0.10859067037902377,0.10113857252368176,Inequity,0,0.25900239096380573,0.19737330914971263,0.3731510391360742,0.3443112440453376,12540,"Bakersfield, CA"
Baltimore,2,Inequity,0,0.06595647544155624,0.1542192467126373,0.14073428718678677,0.13987217771034025,Inequity,0,0.08671018785268222,0.17271693372746172,0.15818955996760498,0.16093068187522064,None,0,0.21029092251930503,0.1975465260622759,0.23864333570569612,0.2138805757680734,Severe Inequity,1,0.21121096308961637,0.44998277959617533,0.278259749183989,0.37258872639331975,Extreme Inequity,1,0.21030483378566026,0.49891969840754624,0.3682725108596952,0.43498005811001733,12580,"Baltimore-Columbia-Towson, MD"
Baton Rouge,2,Inequity,0,0.7607729934436903,0.7836313012895663,0.882641157256183,0.8017447911020532,Severe Inequity,1,0.5952457482888073,0.8356069487370777,0.7672363509099394,0.8269247447043774,Inequity,0,0.3003519225935129,0.3212924970691676,0.37520415305646293,0.33733441016412635,Inequity,0,0.06790169244273016,0.1902776297559416,0.06060429304713019,0.16718340090627237,Severe Inequity,1,0.03934816023604363,0.2648073643823937,0.07967802146523566,0.2254433796587386,12940,"Baton Rouge, LA"
Birmingham,4,Extreme Inequity,1,0.29564958992036133,0.6534660746624013,0.4600819871742836,0.614380654393752,Inequity,0,0.06100677522881255,0.15306619600489046,0.12425927429174446,0.1460864925174028,Severe Inequity,1,0.20478277665517652,0.4090743345314372,0.18676434775549963,0.36516044531761627,Extreme Inequity,1,0.19151759182217995,0.5121296526111617,0.2674121276077604,0.4557908268451818,Extreme Inequity,1,0.1238024485914656,0.4383987694155643,0.22960467570419676,0.39437046738945886,13820,"Birmingham-Hoover, AL"
Boise,2,Severe Inequity,1,0.4243425961199171,0.6326768781911014,0.30437820453541303,0.36061821480200684,Severe Inequity,1,0.41256471340017237,0.6261123267687819,0.29725758556559084,0.34881232461237566,Inequity,0,0.41131828371899504,0.41838074398249453,0.5386291010346989,0.4941750049604581,None,0,0.1115642341391823,0.0650619985412108,0.1589449564851063,0.13915502140083336,Inequity,0,0.17741785413963876,0.14442013129102846,0.28189636571005827,0.2566399274355849,14260,"Boise City, ID"
Boston,4,Extreme Inequity,1,0.19776207105209664,0.4664723750102619,0.41453225521959913,0.40741182718484137,Extreme Inequity,1,0.20179573235574705,0.49500314697753334,0.4089473537630316,0.41907864389132093,Severe Inequity,1,0.18417699865828988,0.1899761924308349,0.35871666094189514,0.26097087622552867,Inequity,0,0.1833309652635044,0.27023780204143066,0.3246261105283191,0.26916723716688545,Extreme Inequity,1,0.15598726007849048,0.1785430862271844,0.45976475830633406,0.30856210915501064,14460,"Boston-Cambridge-Newton, MA-NH"
Bridgeport,4,Severe Inequity,1,0.2529739078513226,0.46917077257585127,0.4849620421944558,0.45836552600752684,Extreme Inequity,1,0.34912211166760176,0.7196545051963855,0.6560947547259081,0.6408156031314818,Inequity,0,0.09170085395294252,0.17719574714248668,0.13451364545474095,0.14113822218899108,Severe Inequity,1,0.1114685691441082,0.3347130518042728,0.29676444654723755,0.2760289886377168,Severe Inequity,1,0.16008572129597698,0.33377550816859825,0.3690294414933655,0.3423334357960383,14860,"Bridgeport-Stamford-Norwalk, CT"
Buffalo,2,None,0,0,0,0,0,None,0,0.004564266937548474,0.006618370449870316,0.008724961817320015,0.007039254979628349,None,0,0.11146763488609923,0.07382315237158274,0.09676456647297368,0.08437730719199353,Extreme Inequity,1,0.2294281968743351,0.5294845422293772,0.4559099766515106,0.47568878836530687,Extreme Inequity,1,0.41602549583496345,0.7369570402170349,0.6872882397345645,0.6697409694796342,15380,"Buffalo-Cheektowaga, NY"
Ft. Myers,1,None,0,0,0,0,0,None,0,0,0,0,0,Inequity,0,0.25221199644788894,0.314596268122576,0.2228169532156696,0.24597087458882258,Inequity,0,0.05090013724065553,0.12723671288513075,0.11135774126242223,0.10943104616757855,Severe Inequity,1,0.04671429724711391,0.22882301046989698,0.06739556446242731,0.10658379754367985,15980,"Cape Coral-Fort Myers, FL"
Charleston,3,Severe Inequity,1,0.20814241174695766,0.35520692700455775,0.38237942419135135,0.3455101349158849,Severe Inequity,1,0.14526199336216433,0.2800341071736725,0.3658485904924618,0.2851116607417129,None,0,0.17508196721311475,0.2178494208886137,0.1834322258906102,0.20151573057204047,Inequity,0,0.13301015790003018,0.2072315328941358,0.10652690878027382,0.17553126284441048,Severe Inequity,1,0.1979865231821382,0.29879305269355316,0.35171888347609265,0.29833284058869763,16700,"Charleston-North Charleston, SC"
Charlotte,3,Severe Inequity,1,0.5262460000876693,0.7249686490495022,0.7364922962515396,0.7319275533151761,Severe Inequity,1,0.5109193416550419,0.7346808849275823,0.7302409890544026,0.7345234120103472,None,0,0.23053805750591122,0.2185104406972941,0.2258488066742581,0.21845242166159096,Inequity,0,0.17269307231944633,0.24226720279561278,0.1808347470428296,0.20804585447099197,Severe Inequity,1,0.23157526281454588,0.432338789652175,0.3807991138171706,0.39411893679421006,16740,"Charlotte-Concord-Gastonia, NC-SC"
Chattanooga,4,Extreme Inequity,1,0.32326491589734396,0.8754532319184319,0.6509113864120571,0.7546124242274086,Extreme Inequity,1,0.3527232529652535,0.8869578255772743,0.689260632841474,0.7791074112614175,None,0,0.14585990627937387,0.1481557209454486,0.07212183381993213,0.13228614373255373,Extreme Inequity,1,0.2817203411449176,0.5564324854829475,0.45711354848891345,0.48645590737162014,Extreme Inequity,1,0.17619615602944455,0.5965213598320657,0.3564665035903101,0.48131080389144903,16860,"Chattanooga, TN-GA"
Chicago,4,Severe Inequity,1,0.23920020199730802,0.2506483550011894,0.40514936075195807,0.32667713813971716,Severe Inequity,1,0.21319762136240822,0.25395800366129884,0.43481800165089945,0.3431376686124852,None,0,0.25721514105018717,0.18661505683287308,0.28576917078440545,0.25684268342102357,Severe Inequity,1,0.14863343651896607,0.37209500760184927,0.3907510641454313,0.3417821821969329,Severe Inequity,1,0.14418452533614856,0.33105730346375417,0.3570031990931465,0.3139966084930568,16980,"Chicago-Naperville-Elgin, IL-IN-WI"
Cincinnati,3,Extreme Inequity,1,0.4978099422683426,0.9083785160794811,0.6801136042502685,0.8264595536541319,Extreme Inequity,1,0.47661559576878104,0.9108385360029809,0.6960945006499746,0.8265284136218344,Inequity,0,0.2518252384171295,0.281754028425207,0.3206635392528118,0.28264129065792365,Inequity,0,0.17799928292166034,0.3023733298860102,0.23636466399140904,0.25883573343640115,Extreme Inequity,1,0.2132640081482023,0.53049740310107,0.40921550895834513,0.44603488756944304,17140,"Cincinnati, OH-KY-IN"
Cleveland,4,Severe Inequity,1,0.010198272648408349,0.20872191290515013,0.02100654630363174,0.1484061998896668,Severe Inequity,1,0.037133530061422365,0.28131338238218334,0.1464120418629863,0.22865671737812282,Inequity,0,0.21585205676081512,0.2386209982103798,0.3133469540924822,0.2493948561567053,Extreme Inequity,1,0.23600890502353422,0.5682466693179559,0.48594421048242503,0.5157594736173368,Extreme Inequity,1,0.1708322155601002,0.3977977729170809,0.5012884126256099,0.40055456105559606,17460,"Cleveland-Elyria, OH"
Colorado Springs,0,None,0,0,0,0,0,None,0,0,0,0,0,None,0,0.3491133638288894,0.38500285116897925,0.3905281489612823,0.38778374671391014,None,0,0.12531375489576502,0.09275803079262497,0.10577835736511526,0.10161161275574351,None,0,0.03218872641761742,0.044026800988405244,0.040781122326859744,0.03965253171791062,17820,"Colorado Springs, CO"
Columbia,1,Inequity,0,0.2860021615290881,0.41781188191341295,0.3552878940235212,0.4101758793969849,Severe Inequity,1,0.37600056837019846,0.6080946450809465,0.4808289249333275,0.5874449682038511,None,0,0.2850441132779029,0.24331917075672113,0.28850609889389234,0.25881064615110955,None,0,0.17806134092308487,0.217753278148121,0.1577624273160495,0.20343976519766976,None,0,0.19826216505987262,0.2178265328547359,0.15367463821973507,0.20887346022146128,17900,"Columbia, SC"
Columbus,2,Extreme Inequity,1,0.19662926176839463,0.4942434571900287,0.39807754145803664,0.42164914527948705,Extreme Inequity,1,0.2962658350451259,0.6774201648493067,0.5486586430244843,0.5888265329591977,None,0,0.10669817202374537,0.0505470912823217,0.05560659653635904,0.0593615869387524,None,0,0.1142562842675302,0.14690169934148165,0.13751205843171482,0.13009585749822192,Inequity,0,0.1545750313874544,0.15403931021927594,0.20459139142817767,0.1562080910947004,18140,"Columbus, OH"
Dallas,2,None,0,0.005782629971923708,0.01187669329658867,0.020982806228337748,0.015981104128764065,Inequity,0,0.17827332437717133,0.22989991590088432,0.23353432566804053,0.23576279526064337,Inequity,0,0.14646084706062504,0.18577819802925102,0.23002916167964474,0.20703376128472487,Severe Inequity,1,0.12117853358130447,0.1634809476397324,0.3197591870626811,0.2290066404853963,Severe Inequity,1,0.12131622937864475,0.24032398810836747,0.32582438188480617,0.2679424214536578,19100,"Dallas-Fort Worth-Arlington, TX"
Dayton,0,Inequity,0,0.2886315311948747,0.2625214606444797,0.4290991632544063,0.29522790902513446,Inequity,0,0.130995138778967,0.14541237453777073,0.2318853480505608,0.1487202071995554,Inequity,0,0.24680446925551028,0.2111892498679345,0.3553498308705715,0.23147419967074565,Inequity,0,0.20274506412275276,0.3040725699947174,0.2831137617945523,0.2713307538246983,None,0,0.13608971147616958,0.11830592974115162,0.1716218622040235,0.12747596128639885,19430,"Dayton-Kettering, OH"
Daytona,1,None,0,0,0,0,0,None,0,0,0,0,0,None,0,0.4464694533762058,0.38848877775615015,0.2602321177550333,0.32507731328008543,Severe Inequity,1,0.15935262593783495,0.3222333687693713,0.09377650243386736,0.18482879836251584,None,0,0.09638370846730976,0.07702097713626903,0.049223369773574825,0.06671746723919282,19660,"Deltona-Daytona Beach-Ormond Beach, FL"
Denver,3,Severe Inequity,1,0.310101465906527,0.29334370218631056,0.46478600710084733,0.4010201804076104,Severe Inequity,1,0.26429714969216933,0.35703627834047774,0.461715573115178,0.40813565975001537,None,0,0.19416163511352977,0.21315579833845452,0.2021176544704289,0.20279019918724217,Inequity,0,0.18819933910599027,0.19580061454421305,0.33156187141976445,0.27485896034726925,Severe Inequity,1,0.21728968683642064,0.35286976973559425,0.4268593225245657,0.3748701203743612,19740,"Denver-Aurora-Lakewood, CO"
Des Moines,3,Extreme Inequity,1,0.27080408918847726,0.6039908579465542,0.46194686609098046,0.5015253928381815,Extreme Inequity,1,0.33733278964784336,0.6469174871073605,0.5065487749452547,0.562247913975768,None,0,0.04321036659076721,0.017053445850914204,0.028095690616865676,0.023582177072355128,Inequity,0,0.13750672089087437,0.22790670417252695,0.252096847498244,0.21636805946258628,Severe Inequity,1,0.13260813868310234,0.3114158462259728,0.35309672354666777,0.29420667686236596,19780,"Des Moines-West Des Moines, IA"
Detroit,4,Extreme Inequity,1,0.3170545882237974,0.6972868554433308,0.4971549981862466,0.6022719606107211,Extreme Inequity,1,0.36071155597901766,0.7079345137031051,0.5277296989169301,0.6263064702893751,None,0,0.1755523912231657,0.0631560401576017,0.21048867699642432,0.09333405848085266,Extreme Inequity,1,0.20135240308941216,0.5829994032780902,0.4438461937088667,0.4816932378158006,Severe Inequity,1,0.218119409340132,0.3019328965762425,0.4470435819039229,0.3094863064152149,19820,"Detroit-Warren-Dearborn, MI"
Durham,1,Inequity,0,0.28504687812847307,0.4188986370236599,0.42305697989283864,0.4221740086075483,None,0,0.03158578944161199,0.06896635876661013,0.05085844327936855,0.06395039669878544,None,0,0.17026147868503294,0.1775956950935292,0.15562885291236964,0.16246924609505173,Inequity,0,0.165775338999527,0.2615584542359645,0.3124819957365904,0.2551953714929913,Severe Inequity,1,0.1306871106184547,0.2860297975668981,0.3479864031802731,0.2828969292181595,20500,"Durham-Chapel Hill, NC"
El Paso,1,None,0,0.257001239157373,0.06484985105869093,0.21731910256188483,0.2125535085086303,None,0,0.018636926889714994,0.02065051123097979,0.061811309657665764,0.05924537791947561,Severe Inequity,1,0.2370458488228005,0.13722727638676435,0.4051084894508929,0.3910481583338066,Inequity,0,0.15071127633209416,0.14443281539328556,0.2360978970979144,0.23039418498057063,Inequity,0,0.23573729863692688,0.3128170034618791,0.22230823343539358,0.22403941579389997,21340,"El Paso, TX"
Fresno,2,Inequity,0,0.8788848610391852,0.9549865412020176,0.8133408887289323,0.8466118171574292,Severe Inequity,1,0.7447367512515104,0.9384062068809519,0.7915725432839935,0.8120572019842532,None,0,0,0,0,0,Inequity,0,0.0972863801139306,0.16383541812753058,0.16791739093811978,0.15329032295202993,Extreme Inequity,1,0.163921974797169,0.30751656902440677,0.4196901011555161,0.3888836920809762,23420,"Fresno, CA"
Grand Rapids,3,Extreme Inequity,1,0.13706854027117496,0.42505688073394493,0.3272370486656201,0.32295825098275327,None,0,0,0,0,0,Inequity,0,0.364366308244588,0.33840733944954127,0.4351942700156986,0.3799339450181717,Severe Inequity,1,0.1225844316235572,0.3064807339449541,0.33070054945054944,0.28040645192253155,Extreme Inequity,1,0.2660908869416183,0.48318532110091744,0.6546408948194663,0.5386360562470823,24340,"Grand Rapids-Kentwood, MI"
Greensboro,2,Extreme Inequity,1,0.06873618677392737,0.31988441197317485,0.1857107138392299,0.2759494468782502,Severe Inequity,1,0.032020828602455635,0.20540170804605679,0.09123015376922115,0.1721169907655457,None,0,0.2022132638447028,0.08624988228063306,0.21207338417302163,0.11095212581550001,Inequity,0,0.23649367205293487,0.31956718925804584,0.3563570446305788,0.3154054650319897,Inequity,0,0.25099769995031174,0.2698177456369485,0.3787192149018627,0.2972800907686974,24660,"Greensboro-High Point, NC"
Greenville,1,Severe Inequity,1,0.167787130757315,0.33154381084840057,0.2343189891485945,0.29784728610855565,None,0,0.04606005523767707,0.07038247566063978,0.06381080598854844,0.07801287948482061,None,0,0.19970615643715448,0.12782336578581363,0.20312728098489888,0.16805887764489422,Inequity,0,0.2169698495625354,0.33550764951321277,0.2922580331219283,0.3000592865174282,Inequity,0,0.2782502030345412,0.4135952712100139,0.3559715170881251,0.38217315751814374,24860,"Greenville-Anderson, SC"
Harrisburg,2,None,0,0.004038516323856191,0.0021244667757001467,0.0026235121924277154,0.0030399733813276063,Inequity,0,0.08575921599908837,0.11590146520764133,0.1379691254038828,0.11188160740483069,None,0,0.16559968092986155,0.17698831543273366,0.17447736875535058,0.17226515827523103,Severe Inequity,1,0.07334738761324142,0.31993457991198637,0.20573858772196293,0.22637214718915893,Extreme Inequity,1,0.24132869921941769,0.5854423443322261,0.5278782690342714,0.5022610747288979,25420,"Harrisburg-Carlisle, PA"
Hartford,4,Extreme Inequity,1,0.18221793830667954,0.6156235852443918,0.5181108152373737,0.5085415350858431,Extreme Inequity,1,0.10549745392253902,0.4147556082863699,0.39046048600046795,0.3463744083580978,Severe Inequity,1,0.2396632710739436,0.37297250885929717,0.4612882020656691,0.39067615138987094,Severe Inequity,1,0.1424532190663313,0.34409978612797976,0.36923556872750773,0.31444776314696876,Inequity,0,0.16069290825482002,0.1837738264358306,0.25203614363865273,0.21828031936710357,25540,"Hartford-East Hartford-Middletown, CT"
Houston,1,Inequity,0,0.5761037650016557,0.6314259171087151,0.6648818152811278,0.6268933646302585,Severe Inequity,1,0.35661382933235597,0.4417645544487963,0.5213050401143531,0.46863990776537134,None,0,0.3218885931155541,0.3319448378706254,0.32212489778076636,0.3322412168491992,Inequity,0,0.09750714517648344,0.14674342136417526,0.21801107766246283,0.1741342652646445,Inequity,0,0.21876416577452426,0.26826576113113876,0.34625039007911446,0.30253363137906514,26420,"Houston-The Woodlands-Sugar Land, TX"
Indianapolis,3,Extreme Inequity,1,0.27470721603791276,0.7197748184654101,0.6290302529488764,0.6364098218837653,Extreme Inequity,1,0.34849457049828675,0.794108973182688,0.6965344760762576,0.7127065247705379,Inequity,0,0.25787831779205944,0.30281870133955485,0.33198534519952905,0.2994065160663437,Inequity,0,0.1452269821516851,0.21536097202925525,0.22487513437223486,0.1971784199933564,Severe Inequity,1,0.15409215662876527,0.3411834482397043,0.36380322785874647,0.3081195920752753,26900,"Indianapolis-Carmel-Anderson, IN"
Jackson,3,Inequity,0,0.5471771232012165,0.6303213887455686,0.6658910073562528,0.634393169716629,Severe Inequity,1,0.23339989001539047,0.40533928066175123,0.30228193964870137,0.3990513495317951,None,0,0.1691363993696184,0.09107734300883777,0.1198018315568233,0.09234959299834751,Severe Inequity,1,0.1281837407315822,0.35532180483664266,0.2393034078967122,0.3412907766693188,Severe Inequity,1,0.17596430298176396,0.3365178170197893,0.3070860231196517,0.3347297876247016,27140,"Jackson, MS"
Jacksonville,3,Inequity,0,0.07100462267201857,0.15999582479313748,0.1026845587298733,0.1373867893384622,Extreme Inequity,1,0.3169130189409072,0.6921227763860421,0.48515363348243384,0.5948583341706019,None,0,0.4068574919203641,0.38682658974164325,0.37245910974248314,0.37467525943362373,Severe Inequity,1,0.17837341974157847,0.3762430729522508,0.22377066990342181,0.29882411620329835,Severe Inequity,1,0.19468170778879018,0.4039670791264961,0.22695497763492098,0.319996842301675,27260,"Jacksonville, FL"
Kansas City,4,Severe Inequity,1,0.12443828027445411,0.12324356992596552,0.2972267655668879,0.1877100771953388,Severe Inequity,1,0.14233932414505673,0.18543097670490424,0.34458114992342875,0.23674265136693654,Inequity,0,0.21092040259500883,0.28151307709890244,0.31010324099636416,0.27531804959278,Severe Inequity,1,0.15329659061113549,0.32830084882013616,0.34051297544510306,0.2947710693935729,Severe Inequity,1,0.116730615964133,0.1713679137465472,0.33679900821969183,0.22493549923421402,28140,"Kansas City, MO-KS"
Knoxville,5,Extreme Inequity,1,0.44204665672046656,0.7776263324924729,0.6540975668805229,0.6969759645630274,Extreme Inequity,1,0.38968940729689405,0.7569370982179184,0.604406246217165,0.6661495902169136,Extreme Inequity,1,0.3117916723179167,0.5785051672227195,0.4603558891175403,0.4924463748631902,Severe Inequity,1,0.20725620507256204,0.41408983643909186,0.2816547633458419,0.3338934994872325,Extreme Inequity,1,0.18431167774311677,0.4646024900317357,0.33897227938506236,0.3720020338340357,28940,"Knoxville, TN"
Lakeland,1,None,0,0.40277299963617375,0.4303807519752253,0.34418733993843287,0.3833311479592741,None,0,0.28303950856229226,0.30368841068805336,0.2619706650800631,0.2781744920777237,None,0,0.1261561383925809,0.13369992456425933,0.15579972579351734,0.14157680054150026,Inequity,0,0.1963597573501568,0.2839957120736888,0.21346715989342163,0.23650590582573472,Severe Inequity,1,0.2141674442318687,0.3836304442768095,0.22411206249838322,0.27859621020699626,29460,"Lakeland-Winter Haven, FL"
Las Vegas,3,Severe Inequity,1,0.16668988068707785,0.3149271819899373,0.4034937685922921,0.33153140166258227,Severe Inequity,1,0.1733069479205952,0.2931042221796028,0.3540531748753645,0.2992896384924639,Inequity,0,0.19991235814447836,0.2743947474730988,0.268172056622131,0.2615676004677014,Inequity,0,0.09473248877155689,0.15816341104124246,0.22443665630919912,0.17639549597168164,Severe Inequity,1,0.14794759488462988,0.2845023524563072,0.3095700350760472,0.25829128826101583,29820,"Las Vegas-Henderson-Paradise, NV"
Little Rock,5,Extreme Inequity,1,0.4489319956308912,0.762717804634427,0.6282692949359616,0.7193232633379356,Severe Inequity,1,0.3855556454549132,0.5498460837514676,0.47057313723980393,0.5282502524367878,Severe Inequity,1,0.20074638941704762,0.3882778319713546,0.3678293678293678,0.3618810146928514,Severe Inequity,1,0.12483514705287431,0.278538759440878,0.19378352711686045,0.24718610258206772,Severe Inequity,1,0.13102269509284356,0.35886142864653003,0.2808962808962809,0.3229047746615286,30780,"Little Rock-North Little Rock-Conway, AR"
Los Angeles,4,Severe Inequity,1,0.2409748894051749,0.4294081787620273,0.4303841358368135,0.3931463553539915,Severe Inequity,1,0.14669373985551065,0.36677991398907456,0.2808880606519684,0.2662458623368897,Inequity,0,0.2763064192737341,0.22224044319749597,0.3729920095992063,0.3498170830280963,Severe Inequity,1,0.23411934693357944,0.41207646630327704,0.42065086238679705,0.3689838080692865,Severe Inequity,1,0.16725476592088093,0.27312093221678363,0.36242215727414717,0.32101625522192745,31080,"Los Angeles-Long Beach-Anaheim, CA"
Louisville,4,Severe Inequity,1,0.6520656614331042,0.8896693180705324,0.7492224266801283,0.8319050003108629,Extreme Inequity,1,0.3767586945486381,0.6485783614976987,0.49005846048624796,0.5838429848069869,None,0,0.2481673422758272,0.1582735770013384,0.18453321174420687,0.1826106589965347,Extreme Inequity,1,0.2574128705909802,0.5104133796150205,0.28938754905632724,0.42372897994443737,Extreme Inequity,1,0.2233031034580609,0.5884756422672224,0.2844534188799687,0.47452069855792356,31140,"Louisville/Jefferson County, KY-IN"
Madison,0,Inequity,0,0.17424649058066632,0.2855026455026455,0.24582567707917233,0.23927830740212855,Inequity,0,0.16599944833344515,0.27894179894179894,0.24145828340124098,0.23383318113152796,None,0,0.11107321509777171,0.12426807760141094,0.1311283321349631,0.10407189615000555,None,0,0.11659547186127822,0.07887125220458553,0.07757449868179277,0.077025493091176,Inequity,0,0.11497215574888735,0.1927689594356261,0.16761204761524326,0.14072834964879788,31540,"Madison, WI"
McAllen,0,None,0,0,0,0,0,None,0,0,0,0,0,None,0,0.24508496532805,0.07225913621262459,0.19414118297766536,0.19408135704710697,None,0,0.03912977215575707,0.008859357696566999,0.037201153901776265,0.036627116025733666,None,0,0.4358949935228225,0.4529346622369878,0.38950908431246684,0.3895866866662348,32580,"McAllen-Edinburg-Mission, TX"
Memphis,4,Severe Inequity,1,0.07702905617734021,0.29024201435457,0.20726492862408685,0.2677083003618945,Severe Inequity,1,0.05923552308171265,0.26333436336239713,0.10134709469874674,0.23376486352462042,None,0,0.13431408466935332,0.13405403511231034,0.10381341733127807,0.13272322982939258,Severe Inequity,1,0.18075443204315167,0.3341770014685878,0.3173245761007975,0.3225978328532692,Severe Inequity,1,0.12721903159835635,0.2534365273791282,0.3413042021312244,0.25379303432194894,32820,"Memphis, TN-MS-AR"
Miami,2,Inequity,0,0.005962508891720817,0.027162537316115495,0.05700008069341084,0.04546848308011955,Inequity,0,0.03196597228102098,0.08175150040604509,0.1575720588523943,0.12837269884597963,None,0,0.1933544128012736,0.1064213947362831,0.06850797883360946,0.08260821021209719,Severe Inequity,1,0.18395871545037273,0.37439236210398347,0.3205651155842239,0.32699596615717047,Severe Inequity,1,0.2124683093407426,0.37038093075011314,0.20529094336413012,0.25474016070693867,33100,"Miami-Fort Lauderdale-Pompano Beach, FL"
Milwaukee,5,Extreme Inequity,1,0.3834839211855741,0.7972596449446248,0.8018907114202293,0.7647446226610259,Extreme Inequity,1,0.40747241342470353,0.803738899655218,0.822625632017471,0.7740976717967989,Extreme Inequity,1,0.2454871338960028,0.13688544366356128,0.6047665392740997,0.31031131912535326,Extreme Inequity,1,0.2618998107476992,0.6528831710601073,0.6487525814798111,0.5961771689185726,Extreme Inequity,1,0.17464438882190442,0.3515803155183015,0.5596648230351081,0.40533928527369245,33340,"Milwaukee-Waukesha, WI"
Minneapolis,2,Extreme Inequity,1,0.25705309996396275,0.5385566543016075,0.4766623032897314,0.4925586005910996,Extreme Inequity,1,0.25640531810755846,0.5789780661847294,0.4991352869796195,0.5136385592919624,None,0,0.16483955639720693,0.15780281896686765,0.19677715246658195,0.1789736111333683,Inequity,0,0.17306368225281418,0.2569532627425101,0.2989327243715304,0.2629191438899483,Inequity,0,0.1304200804227286,0.26467892507307383,0.23723234504438223,0.25524995822010793,33460,"Minneapolis-St. Paul-Bloomington, MN-WI"
Nashville,3,Severe Inequity,1,0.1430240583967148,0.3561571349955552,0.29168618266978924,0.3128570336099109,Severe Inequity,1,0.13274858526900463,0.3117759528143476,0.2781835480093677,0.2836041754292051,Inequity,0,0.14906108420327643,0.24855014181094695,0.18504098360655738,0.20752877298971437,Inequity,0,0.13430844064134967,0.21691430667851952,0.14747511709601874,0.1807440828967996,Severe Inequity,1,0.2216759103913502,0.43312661389323964,0.37679303278688525,0.38729208886169847,34980,"Nashville-Davidson--Murfreesboro--Franklin, TN"
New Haven,2,Inequity,0,0.048824583069100945,0.07631335717153234,0.13183120352785915,0.09879483996668918,Inequity,0,0.06277419905135936,0.055120389129034365,0.12290855248334245,0.09475668965950694,None,0,0.2632551947160939,0.2190251234700451,0.279125760453214,0.25302075640683186,Extreme Inequity,1,0.19250210458781603,0.44852536154083145,0.4205684488363859,0.3998648712348569,Severe Inequity,1,0.2242266798690149,0.42780853507109445,0.40413944056394246,0.39907609634995206,35300,"New Haven-Milford, CT"
New Orleans,0,Inequity,0,0.1336664163435455,0.16140010608243927,0.19990308164474038,0.16568690708563646,None,0,0.06907079035694033,0.05946535361192494,0.03445985964786331,0.05082181160986662,None,0,0.2585388281812748,0.16085375875578503,0.1487786492452932,0.16055271767484117,None,0,0.29369185734647274,0.33432586431008854,0.26025270563741765,0.30964574255591293,Inequity,0,0.3474811874511487,0.4585629699440677,0.3644399375415044,0.4306705651183919,35380,"New Orleans-Metairie, LA"
New York,3,Severe Inequity,1,0.21046530236923372,0.25881863036570046,0.435943005465872,0.3567445621000024,Severe Inequity,1,0.2216102896001367,0.23829629862978816,0.4233346174489217,0.3499724113160702,None,0,0.22157649636231053,0.15268923269974655,0.2352256400081886,0.2061277702599731,Inequity,0,0.2003644018642113,0.2516108750638246,0.25170783515995443,0.2462271852496843,Severe Inequity,1,0.12443608240757945,0.2810873619976557,0.29579732321862623,0.2628999593349308,35620,"New York-Newark-Jersey City, NY-NJ-PA"
Sarasota,3,None,0,0,0,0,0,None,0,0,0,0,0,Extreme Inequity,1,0.2810587945847812,0.568858975872791,0.3663798196211256,0.40928439438602665,Severe Inequity,1,0.14180939317582095,0.3608454362970835,0.27700760111850653,0.2838004311672313,Severe Inequity,1,0.10688287233649098,0.31867201952217894,0.16562955377889804,0.19970632231950372,35840,"North Port-Sarasota-Bradenton, FL"
Ogden,1,None,0,0.026018636673887884,0.061566131710016604,0.04572826496048175,0.044195501240674735,Inequity,0,0.08559367302727246,0.18884892086330934,0.14896970267218668,0.148412178818813,None,0,0.07368608481467193,0.09449363586054234,0.06696932630786602,0.06866952789699571,Inequity,0,0.19310880790574828,0.2241283895960155,0.3165576778321415,0.28834574008066405,Severe Inequity,1,0.3018610707184616,0.48837852794687325,0.4765948438088069,0.45853236665777586,36260,"Ogden-Clearfield, UT"
Oklahoma City,3,Severe Inequity,1,0.1351573310533362,0.24412018401380103,0.30276738642965345,0.24239853750675674,Severe Inequity,1,0.24151582310522113,0.36372196664749856,0.45628485022885096,0.37068454158408426,Inequity,0,0.13053133683582896,0.18356095457159288,0.06861728408467757,0.11493042832183759,Severe Inequity,1,0.15250593436758203,0.24197096032202414,0.4003941774667311,0.27234887671044294,Inequity,0,0.17048228689714137,0.23461040828062105,0.2739696277031833,0.23125573184384685,36420,"Oklahoma City, OK"
Omaha,4,Severe Inequity,1,0.37921177583826554,0.5758034782857224,0.607046516895579,0.5615226392893392,Extreme Inequity,1,0.3640026342769065,0.6556725781328151,0.7461338879393777,0.6528297988916134,None,0,0.09808450839287955,0.01701987795990111,0.02859172621131314,0.03625160554372917,Extreme Inequity,1,0.1456834101194027,0.3707932606427826,0.4475732553590182,0.36737086039179756,Extreme Inequity,1,0.23039910423303478,0.22411649541992368,0.604863785186253,0.3994637708496133,36540,"Omaha-Council Bluffs, NE-IA"
Orlando,1,Inequity,0,0.3764876263473708,0.45141020285854383,0.48769603699823033,0.47327551605397444,Severe Inequity,1,0.31583747268539986,0.43960294831115526,0.480622540408388,0.4640206653297386,None,0,0.1640635073526335,0.1261697639846306,0.17683871311180616,0.16350933893816622,None,0,0.12833058799720257,0.1669360550641992,0.08103490136964603,0.10540529025863803,Inequity,0,0.3854784954362523,0.49197931719770344,0.3522570140963569,0.40039823812517145,36740,"Orlando-Kissimmee-Sanford, FL"
Oxnard,1,None,0,0,0,0,0,Inequity,0,0.09643779656876757,0.17919843323774218,0.19390986197493923,0.18717685346365515,None,0,0.4675872750235176,0.4971672378820732,0.46892292886358167,0.4647082355739601,Inequity,0,0.04270330389950574,0.053647618381478634,0.10605059167424868,0.0887932619014153,Extreme Inequity,1,0.07780821063463768,0.4172203958872491,0.4581237330648975,0.4127236752478673,37100,"Oxnard-Thousand Oaks-Ventura, CA"
Palm Bay,0,None,0,0,0,0,0,None,0,0,0,0,0,None,0,0.08029203779420604,0.08131277824791198,0.12038296883815086,0.09388466857749894,None,0,0.10286714666593244,0.14914088082710916,0.10775561676567219,0.12120422521095989,None,0,0.057847712661242584,0.092037970491923915,0.03811435967212027,0.05979034294762582,37340,"Palm Bay-Melbourne-Titusville, FL"
Philadelphia,4,Extreme Inequity,1,0.14517602233878754,0.41297494876306634,0.3748518175301173,0.3665393215105161,Extreme Inequity,1,0.23588820167540905,0.6562028067555826,0.517918276712185,0.5668265151032675,Inequity,0,0.28588391435803945,0.38359640762493025,0.23823544839403424,0.3274204903204485,Extreme Inequity,1,0.18986904242633404,0.46739986833464375,0.382055496301995,0.3928235166541301,Severe Inequity,1,0.19643928972199542,0.300303089439321,0.3920951864738692,0.3131326736286226,37980,"Philadelphia-Camden-Wilmington, PA-NJ-DE-MD"
Phoenix,4,Extreme Inequity,1,0.19255517145661138,0.3723573034705766,0.4525963761258798,0.4133654593370552,Extreme Inequity,1,0.18826249918469565,0.37966016850281176,0.4571674871660402,0.41357350329551984,None,0,0.17547776835648293,0.1790796533056667,0.16627866454810944,0.16626383645297288,Severe Inequity,1,0.11785926102329419,0.1983077053501863,0.2997701877151306,0.25600468051837777,Severe Inequity,1,0.1876720671416415,0.36705677180262486,0.4031904711117874,0.3736949595467466,38060,"Phoenix-Mesa-Chandler, AZ"
Pittsburgh,2,Extreme Inequity,1,0.33138951665120353,0.7951262134881452,0.503980523432745,0.6662537790953653,None,0,0.03254792021326561,0.05399117658095192,0.048496652465003044,0.04806128738736094,None,0,0.12058930346596797,0.11823703155739243,0.1208277541083384,0.11212832780533623,Severe Inequity,1,0.17929461004030126,0.3928512079936103,0.2679488740109556,0.32052599137045407,Inequity,0,0.12147137998258954,0.17278570241598723,0.13127206329884358,0.15129002905867503,38300,"Pittsburgh, PA"
Portland,0,Inequity,0,0.3333846545191651,0.40959111257504754,0.2450163474054259,0.2955357976754975,None,0,0.3094288175152513,0.3499273854261802,0.2051368774918263,0.2465883462531904,Inequity,0,0.2301548784134167,0.2986929376712431,0.23214340620483964,0.23585080435871014,Inequity,0,0.21336783009563592,0.29072779266667664,0.16538039746230873,0.1917615050013091,Inequity,0,0.18699041409502898,0.3238759713135003,0.23306924672112386,0.22819994212475636,38900,"Portland-Vancouver-Hillsboro, OR-WA"
Poughkeepsie,2,None,0,0,0,0,0,None,0,0,0,0,0,Severe Inequity,1,0.16926583281951907,0.3998442554211094,0.29553890266856653,0.33043114159449116,Inequity,0,0.030613053818373998,0.10047022882472745,0.10374338135697574,0.0977657826587596,Severe Inequity,1,0.0781709680260724,0.31533784593267045,0.2558006579063099,0.25851655978772886,39100,"Poughkeepsie-Newburgh-Middletown, NY"
Providence,4,Extreme Inequity,1,0.062103929024081114,0.37416985796693975,0.4068783882502211,0.344173874429013,Extreme Inequity,1,0.06848952750349713,0.37297009064908626,0.41706236302818256,0.35529299647491147,None,0,0.20068800839803946,0.22470793543070436,0.18773789841977778,0.20299819629229546,Severe Inequity,1,0.16155876286627452,0.32523389403267244,0.3642152716367411,0.32944484221923404,Severe Inequity,1,0.212123601661537,0.3683770420282127,0.3769848898458226,0.36711813412300637,39300,"Providence-Warwick, RI-MA"
Provo,1,None,0,0,0,0,0,Inequity,0,0.05524754382206639,0.1893821794473766,0.0877685835477366,0.08705960804653058,Inequity,0,0.30627983624825333,0.32940080720273207,0.3892357972324595,0.37969103100803914,None,0,0.1350303349521146,0.08755045017075443,0.1617829080036159,0.15357685325825213,Severe Inequity,1,0.23151061575923856,0.38745731139397704,0.34780613309227454,0.33594820879487275,39340,"Provo-Orem, UT"
Raleigh,0,None,0,0.11289811469422663,0.12306060255371677,0.10492585987623182,0.11873822792675585,None,0,0.08237032940546003,0.1265517108359372,0.09129146624794844,0.1175770403308802,None,0,0.2252921434785109,0.21075107047795394,0.23979196714672427,0.21694207654517564,None,0,0.07992453393464746,0.116834471318906,0.0820266151321165,0.090104662226451,Inequity,0,0.09122609109517558,0.15319600354897195,0.15223059816550263,0.138125012136158,39580,"Raleigh-Cary, NC"
Richmond,3,Extreme Inequity,1,0.5472425300331785,0.8124848875634723,0.8036528533206044,0.79759004593813565,Severe Inequity,1,0.36944693852015525,0.5490099674914699,0.5064502757225942,0.542951511384949,None,0,0.16471945429470672,0.1817522366406061,0.14070017209109523,0.16450499860765586,Inequity,0,0.21137005193330208,0.3431745520002149,0.23085329548166664,0.3009879188788956,Extreme Inequity,1,0.23381673333067501,0.4924101985438328,0.3796555665816679,0.43864741604902524,40060,"Richmond, VA"
Riverside,0,None,0,0.022272469087254772,0.026126382306477094,0.05261870030859844,0.0485130674722567,None,0,0.011255707388473805,0.015481832543443918,0.024613477873457437,0.02311462795837584,None,0,0.1569893662341067,0.14028751974723538,0.1266406118299509,0.13929150803274992,None,0,0.03916797745445012,0.04836334913112164,0.080494910017924165,0.06945500568207147,None,0,0.12059930309782846,0.12218325434439178,0.15987644021206251,0.15061365725770762,40140,"Riverside-San Bernardino-Ontario, CA"
Rochester,2,None,0,0,0,0,0,None,0,0,0,0,0,None,0,0.3114623726105341,0.2890430695871426,0.3479857177102916,0.3029554400193825,Severe Inequity,1,0.0791653676026423,0.2678598994871443,0.22157736029977668,0.2179979584784707,Extreme Inequity,1,0.15627253064167268,0.6105041079912866,0.47444454257560653,0.49739646427535916,40380,"Rochester, NY"
Sacramento,1,None,0,0.49588516303579855,0.3447746908297995,0.37913592834722804,0.3342786117790255,None,0,0.6014371973989636,0.5818675084463207,0.5844219196705251,0.5300263056281747,Inequity,0,0.08287518809915935,0.1856922813623139,0.1549771086986945,0.15749104532543834,None,0,0.08972484842575155,0.09657012823194579,0.1337511745536696,0.1023468888553299,Severe Inequity,1,0.1440444975882816,0.3332953011200487,0.30778304244387134,0.2972147141512343,40900,"Sacramento-Roseville-Folsom, CA"
St. Louis,4,Extreme Inequity,1,0.31677971248261766,0.6932876879333331,0.49506269500893973,0.6286970727352165,Extreme Inequity,1,0.3540659746599439,0.6063634826312829,0.4964182627697989,0.5836049291589439,None,0,0.20009012720313626,0.18638385395569435,0.21213466864548397,0.19185836673441864,Extreme Inequity,1,0.1792641674741368,0.48998147703900047,0.30349526135580146,0.42501512885989456,Severe Inequity,1,0.18748343960993874,0.43247771149013486,0.30120481927710846,0.3901699045592821,41180,"St. Louis, MO-IL"
Salt Lake City,4,Extreme Inequity,1,0.3615045762938114,0.6776309443426256,0.6393228986150199,0.6106356284127256,Extreme Inequity,1,0.3226400311083511,0.6130510272981576,0.5517368861284792,0.5346146823036008,Severe Inequity,1,0.22387217717831004,0.37503617247033855,0.3281021105118927,0.3202616496533525,None,0,0.23962832485011695,0.19740522812771294,0.24035435527027216,0.2340886734327233,Severe Inequity,1,0.13411878050620715,0.34537474679270763,0.3148530682600639,0.3035860492787258,41620,"Salt Lake City, UT"
San Antonio,2,None,0,0,0,0,0,None,0,0.0038537082319489734,0.015710163513946777,0.00705184569625272,0.007712064985893085,Inequity,0,0.10580257322827448,0.16086566207117667,0.14350067080316425,0.14138256314509043,Severe Inequity,1,0.11397065456509267,0.13118307149727476,0.2944028535103415,0.2634962664636672,Severe Inequity,1,0.10046222848737141,0.2644565565886502,0.2204601548772584,0.2160740622170522,41700,"San Antonio-New Braunfels, TX"
San Diego,0,Inequity,0,0.029688447373368034,0.0792457907280695,0.12780029297093468,0.09932992377515971,None,0,0.0018143234248283642,6.791214986801978e-4,6.827636626556911e-4,6.713502393208506e-4,Inequity,0,0.1297396800012709,0.10757028266830682,0.2175984794862181,0.17473440952475383,None,0,0.0755502543097628,0.06807872683939417,0.07422437421533633,0.06606762136511206,None,0,0.033736751666053284,0.055277927269931575,0.045176941379862674,0.03905519086121717,41740,"San Diego-Chula Vista-Carlsbad, CA"
San Francisco,0,None,0,0,0,0,0,None,0,0.032209804221762034,0.026320450813150917,0.023278584287589502,0.035601261643919066,None,0,0.1214410610541244,0.11184765541735342,0.15412334236390268,0.12164609528813253,None,0,0.3634674423664214,0.36960313671803463,0.3554757822755084,0.3510770350029773,Inequity,0,0.055091335422995415,0.18878551249373288,0.19336926056605871,0.1373835432023599,41860,"San Francisco-Oakland-Berkeley, CA"
San Jose,0,None,0,0,0,0,0,None,0,0.0028793870882556005,0.008859624176929976,0.0041892843116235565,0.0030597981224802094,None,0,0.14394708291043992,0.08691181939492049,0.0692749768052533,0.10089093905417733,None,0,0.15225117164010524,0.07159888871874522,0.12684348431579767,0.09975721726847356,Inequity,0,0.05595078634311477,0.17060792334784416,0.13672283368655122,0.1306332950766605,41940,"San Jose-Sunnyvale-Santa Clara, CA"
Seattle,2,Inequity,0,0.349523281605503,0.4909590997084762,0.41787319791396255,0.4316341986240801,Severe Inequity,1,0.31642566107481446,0.4960756405973264,0.4079467849679872,0.40292335497087833,Inequity,0,0.1542989557830321,0.2962376491370986,0.25325461429125873,0.23673026608763312,None,0,0.21274645145015622,0.1988998064135245,0.17444218545582593,0.1832116382648973,Severe Inequity,1,0.15002363386851733,0.3078528376665278,0.1974204691785135,0.22902967324188206,42660,"Seattle-Tacoma-Bellevue, WA"
Spokane,1,None,0,0.011475117936924394,0.026224818214328288,0.017271777458534674,0.016162626010164126,Severe Inequity,1,0.1693486277698283,0.3632137322684468,0.24010709155021548,0.2602087573344759,None,0,0.47150528061372254,0.5146024555966147,0.5196225675852162,0.5132169338617727,Inequity,0,0.28306149024218097,0.3484324710930981,0.3114796917852945,0.32625177039073566,Inequity,0,0.09086345489221026,0.15293837167719632,0.12916285751599843,0.1284202758834101,44060,"Spokane-Spokane Valley, WA"
Springfield,4,Extreme Inequity,1,0.09038618554942175,0.427560892605377,0.42067385569491367,0.3763795950291127,Extreme Inequity,1,0.06930582467086689,0.34943361369050513,0.3651517255210503,0.3168940644824889,None,0,0.06832888531422512,0.05250619864845155,0.10566791626170531,0.09195851800353408,Severe Inequity,1,0.16387396060558054,0.26914288492391464,0.32933000107989696,0.29502814711817926,Extreme Inequity,1,0.2080149648423695,0.5812630657785989,0.616266333441323,0.5434952637524985,44140,"Springfield, MA"
Stockton,1,None,0,0,0,0,0,Inequity,0,0.013618932049097497,0.07605436737957226,0.09863300624790625,0.07657668338292886,Inequity,0,0.18286407705415017,0.3314811113332001,0.17902641943908698,0.25871873604508255,Inequity,0,0.1233568278585593,0.11964821107335599,0.19039364086085156,0.14980616249155296,Severe Inequity,1,0.388183959172801,0.4390365780531681,0.5752497048425339,0.5005275699771189,44700,"Stockton, CA"
Syracuse,1,None,0,0,0,0,0,None,0,0,0,0,0,None,0,0.26129450857730074,0.11271065409882891,0.2124278512457076,0.1562510491153859,Severe Inequity,1,0.09437843635845392,0.26388650861658575,0.17655439468108425,0.21065397656695875,Inequity,0,0.23489877509994975,0.3128439493478054,0.3292175056623073,0.31564944438849163,45060,"Syracuse, NY"
Tampa,4,Severe Inequity,1,0.2688060486481424,0.5155505222947162,0.5143862230021242,0.49243903727523014,Extreme Inequity,1,0.1151366472860438,0.37514226474200785,0.2920058580607708,0.2976051394281191,Severe Inequity,1,0.3095907837573295,0.4624730964695807,0.46168511603973983,0.44634405519792913,Inequity,0,0.20126154166010524,0.34635971287876227,0.2127620624595939,0.2499815966487714,Severe Inequity,1,0.18910002068775994,0.3400887957360017,0.2284693177470215,0.2604979210708412,45300,"Tampa-St. Petersburg-Clearwater, FL"
Toledo,2,None,0,0.0037645053863917966,0.049172421094733375,0.004404781022735093,0.029535705034653123,None,0,0,0,0,0,None,0,0.09493181079089603,0.028621172374039786,0.06639289729060084,0.048545958820593496,Extreme Inequity,1,0.20261436563247395,0.4878304139659087,0.3702769047236688,0.41722737122748493,Extreme Inequity,1,0.2366040003787146,0.5069817779712259,0.4101034664708986,0.44105178698912706,45780,"Toledo, OH"
Tucson,0,None,0,0,0,0,0,None,0,0.0028396260500406466,0.02141641028704561,0.02517871845472248,0.02293671427332447,Inequity,0,0.25185356637461237,0.23498312374921593,0.38955526222930853,0.35930689654476916,Inequity,0,0.2381729292746816,0.37336838017861945,0.32264202726191565,0.332108374563079,Inequity,0,0.019847273657905038,0.09603034738194091,0.09302769319236248,0.08410868113892929,46060,"Tucson, AZ"
Tulsa,3,Extreme Inequity,1,0.43007025062426874,0.7958315665034759,0.7363767556251143,0.6029263006821503,Extreme Inequity,1,0.17530180109485932,0.3292214383922491,0.5125612309193276,0.30597335377574636,None,0,0.3926374362329132,0.3567325854824409,0.29717067420069515,0.35619655841217784,Inequity,0,0.17329575031116318,0.31578068180357993,0.2628610337608488,0.23717618036202667,Severe Inequity,1,0.22294822648639662,0.39415082944630764,0.36700949206284683,0.3035583055468297,46140,"Tulsa, OK"
Honolulu,0,Inequity,0,0.24193289807561544,0.31054246773174476,0.2577202660205186,0.3022830289128931,Inequity,0,0.24571422253426134,0.3402834190811445,0.24739908233231944,0.2992541657752148,None,0,0.2609887831764231,0.3079249029695821,0.2625148218796721,0.240451928770095,None,0,0.23153425581433917,0.10321328639768933,0.2001237304737846,0.2445256563987999,Inequity,0,0.14717865652416676,0.19726509612780938,0.14488838480177346,0.1547170656224656,46520,"Urban Honolulu, HI"
Virginia Beach,1,None,0,0,0,0,0,None,0,0.013486940011289578,0.015014166454896814,0.027457333830963934,0.01745284037293349,Inequity,0,0.16727459331862268,0.23953256388179828,0.16828113866929054,0.21261552568712144,Inequity,0,0.17921280853902602,0.27617570196964925,0.1623859125301123,0.2405702971504193,Severe Inequity,1,0.1650844152511931,0.3249636830506996,0.23948189868693381,0.2885484626844252,47260,"Virginia Beach-Norfolk-Newport News, VA-NC"
Washington,0,Inequity,0,0.27553398691790565,0.3248966639353552,0.40221938718046907,0.34404281145788695,Inequity,0,0.3061858361007358,0.32333082782185946,0.42750541126649233,0.3637203040819366,None,0,0.2345127125556613,0.18195028665743493,0.17151001468260388,0.18194839988592929,None,0,0.16018791856814762,0.09771169075127566,0.18725029846436755,0.12663476911787394,None,0,0.1105573153760712,0.15837676726490638,0.1324690324020699,0.13360457206754336,47900,"Washington-Arlington-Alexandria, DC-VA-MD-WV"
Wichita,4,Extreme Inequity,1,0.33805126547866776,0.8375730899518847,0.6957074340527578,0.7055213358483428,Extreme Inequity,1,0.2946553150977468,0.7500593350162902,0.4543764988009592,0.5551660629531329,None,0,0.3552773222641707,0.18944052473730771,0.3731175059952038,0.2984236677961952,Severe Inequity,1,0.19175752070554994,0.3912227328629685,0.4284292565947242,0.37441367452885305,Severe Inequity,1,0.10474289744502358,0.3218978574665027,0.2615347721822542,0.23148658197984653,48620,"Wichita, KS"
Winston-Salem,2,None,0,0.047344987642148305,0.07279319122676198,0.03301147269557063,0.061161487663382884,None,0,0,0,0,0,Inequity,0,0.1766435502578312,0.28540450661249817,0.21890430629020205,0.2549929430868213,Severe Inequity,1,0.18446982285245186,0.3711998491510461,0.3359316620023737,0.3424467427271311,Extreme Inequity,1,0.11871460735484751,0.3945385821912525,0.292736889917801,0.3358713045612677,49180,"Winston-Salem, NC"
Worcester,2,None,0,0.011065650502758841,0.006351068713972351,7.371097925035935e-5,0.003847477971211374,None,0,0,0,0,0,Severe Inequity,1,0.24554235178801528,0.4637555476202622,0.3578023071536505,0.3897816195695663,Severe Inequity,1,0.11450428969482043,0.2816915778197215,0.30063022887259055,0.2524029291077759,None,0,0.04152716439608366,0.06126613273478549,0.03206427597390631,0.041494142714914445,49340,"Worcester, MA-CT"
